{
  "loss": [
    0.7055746078491211,
    0.6923289060592651,
    0.7038402318954468,
    0.6900784015655518,
    0.6997103095054626,
    0.6966054916381836,
    0.7001967549324035,
    0.6939679145812988,
    0.6943448543548584,
    0.6960096955299377,
    0.6949603319168091,
    0.6939246892929077,
    0.6933297157287598,
    0.6946483969688415,
    0.6931865572929382,
    0.6946297645568847,
    0.693838369846344,
    0.6935132622718811,
    0.6909254312515258,
    0.6964472532272339,
    0.6940145373344422,
    0.6901679515838623,
    0.693269157409668,
    0.6893350601196289,
    0.6924899816513062,
    0.6860723257064819,
    0.6900363564491272,
    0.6914057016372681,
    0.6803932905197143,
    0.6959690809249878,
    0.6870677947998047,
    0.6840636134147644,
    0.684622585773468,
    0.6888166666030884,
    0.6910756468772888,
    0.6822019815444946,
    0.674841296672821,
    0.6710901260375977,
    0.6765398502349853,
    0.6733117938041687,
    0.6865457892417908
  ],
  "accuracy": [
    0.2875,
    0.5375,
    0.525,
    0.625,
    0.475,
    0.45,
    0.3875,
    0.3625,
    0.35,
    0.35,
    0.35,
    0.35,
    0.35,
    0.35,
    0.35,
    0.35,
    0.35,
    0.45,
    0.575,
    0.4,
    0.525,
    0.4875,
    0.475,
    0.55,
    0.4875,
    0.5875,
    0.5625,
    0.5125,
    0.5875,
    0.525,
    0.6125,
    0.5125,
    0.5625,
    0.625,
    0.625,
    0.6,
    0.625,
    0.6375,
    0.6,
    0.675,
    0.5875
  ],
  "val_loss": [
    0.6907871330485624,
    0.6929623063872842,
    0.7020876617992625,
    0.6979828196413377,
    0.6930534033214345,
    0.6907813303610858,
    0.6892366374240202,
    0.6887915660353268,
    0.6887311865301693,
    0.6888774773653816,
    0.688908107140485,
    0.6889354972278371,
    0.6890119594686172,
    0.6892048365929547,
    0.6897664911606732,
    0.6900157437605017,
    0.69217769538655,
    0.6927689243765438,
    0.6936023796305937,
    0.6933406135615181,
    0.6919556540601394,
    0.6911700683481553,
    0.6904825918814715,
    0.6901330036275527,
    0.6898082214243272,
    0.6888322339338415,
    0.689105163602268,
    0.6890084427945754,
    0.6888627480058109,
    0.6889709795222563,
    0.6853355940650491,
    0.6824620155727162,
    0.6852595315260046,
    0.6854952258222243,
    0.6859488206751206,
    0.686002114239861,
    0.6839180904276231,
    0.685228193507475,
    0.6837352759697858,
    0.6807576961377088,
    0.6756886804805082
  ],
  "val_accuracy": [
    0.4117647058823529,
    0.47058823529411764,
    0.5882352941176471,
    0.5882352941176471,
    0.5882352941176471,
    0.4117647058823529,
    0.4117647058823529,
    0.4117647058823529,
    0.4117647058823529,
    0.4117647058823529,
    0.4117647058823529,
    0.4117647058823529,
    0.4117647058823529,
    0.4117647058823529,
    0.4117647058823529,
    0.4117647058823529,
    0.4117647058823529,
    0.4117647058823529,
    0.5882352941176471,
    0.5882352941176471,
    0.6470588235294118,
    0.5294117647058824,
    0.5294117647058824,
    0.5882352941176471,
    0.6470588235294118,
    0.5294117647058824,
    0.5882352941176471,
    0.5882352941176471,
    0.5294117647058824,
    0.5294117647058824,
    0.5294117647058824,
    0.6470588235294118,
    0.5882352941176471,
    0.5882352941176471,
    0.47058823529411764,
    0.5294117647058824,
    0.5882352941176471,
    0.5294117647058824,
    0.5294117647058824,
    0.5882352941176471,
    0.5294117647058824
  ]
}